{
  "project_info": {
    "project_number": "745386904706",
    "project_id": "appnewpro-728fa",
    "storage_bucket": "appnewpro-728fa.appspot.com"
  },
  "client": [
    {
      "client_info": {
        "mobilesdk_app_id": "1:745386904706:android:c38a03f0c9a2613099f89b",
        "android_client_info": {
          "package_name": "com.skteam.appnewpro"
        }
      },
      "oauth_client": [
        {
          "client_id": "745386904706-os9vuvks5p13807isep2c6un0r8upsbj.apps.googleusercontent.com",
          "client_type": 3
        }
      ],
      "api_key": [
        {
          "current_key": "AIzaSyB-Hc90D00XaEqkvLLlVOAWndKo_GdqPyQ"
        }
      ],
      "services": {
        "appinvite_service": {
          "other_platform_oauth_client": [
            {
              "client_id": "745386904706-os9vuvks5p13807isep2c6un0r8upsbj.apps.googleusercontent.com",
              "client_type": 3
            }
          ]
        }
      }
    }
  ],
  "configuration_version": "1"
}